CN,dominant_geometry,dominant_count,n_materials,d_min_mean,d_mean_mean,d_std_mean,bridging_O_fraction_mean,dominant_fraction
4.0,Square plane,24,5,2.026896807091179,2.0325984810951354,0.0055865687439837315,1.0,0.47058823529411764
5.0,Square pyramid,31,5,2.0234904189076643,2.06573119683795,0.061629108732845654,1.0,0.7948717948717948
6.0,Octahedron,108,42,2.0337837062535957,2.0486312281016676,0.012120324332880662,0.9722222222222222,0.675
