CN,formal_charge,count,fraction_within_cn,weighted_charge_contribution
5.0,3,1,1.0,3.0
6.0,3,32,0.5714285714285714,1.7142857142857142
6.0,4,24,0.42857142857142855,1.7142857142857142
