CN,dominant_geometry,dominant_count,n_materials,d_min_mean,d_mean_mean,d_std_mean,bridging_O_fraction_mean,dominant_fraction
1.0,"Single neighbor, Angular",1,1,,,,,1.0
2.0,Angular,14,3,1.2486819961804196,1.2516280782764357,0.0029460820960160133,0.0,0.6666666666666666
3.0,Trigonal plane,660,181,1.2445146020025626,1.268814542907578,0.01952687012498043,0.5202380952380952,0.8148148148148148
4.0,Tetrahedron,16,3,1.399518465562898,1.4043014617100047,0.004894020445246436,0.125,0.5
