CN,dominant_geometry,dominant_count,n_materials,d_min_mean,d_mean_mean,d_std_mean,bridging_O_fraction_mean,dominant_fraction
1.0,Square plane,36,2,1.9034974030235199,1.9034974030235199,0.0,1.0,0.9
2.0,Linear,92,14,1.8227118116968155,1.8320861913760058,0.009374379679190218,0.989010989010989,0.32280701754385965
3.0,Square plane,59,7,1.8762981882313767,1.8942226491902117,0.01898820887932392,1.0,0.2209737827715356
4.0,Square plane,757,163,1.9072629082573693,1.9288563797309937,0.020856735387122058,0.9955947136563876,0.4272009029345372
5.0,"Square pyramid, Square plane",533,108,1.9489724336098844,2.0339177730608324,0.13577900872632553,0.9961612284069098,0.3007900677200903
6.0,Octahedron,1041,325,1.9621754758300798,2.1226958194052594,0.1799347412646741,0.9973958333333334,0.597932222860425
7.0,"Pentagonal bipyramid, Square plane",1,1,,,,,1.0
8.0,"Octahedron, Hexagonal bipyramid",1,1,1.92709647638981,2.4871341833935485,0.3233379208949516,1.0,1.0
