CN,dominant_geometry,dominant_count,n_materials,d_min_mean,d_mean_mean,d_std_mean,bridging_O_fraction_mean,dominant_fraction
2.0,Octahedron,8,2,1.7060193873789964,1.7124476253400467,0.0064282379610502705,0.0,0.6666666666666666
4.0,Tetrahedron,211,55,1.7404977506596169,1.754691335002729,0.011044135299151886,0.5829207920792079,0.8940677966101694
5.0,Square pyramid,66,8,1.7607674179375883,1.839384536844306,0.04050992830924766,0.16969696969696968,0.8571428571428571
6.0,Octahedron,394,83,1.88744010668735,1.9462181093810407,0.04829702554972145,0.8987179487179487,0.9380952380952381
