CN,dominant_geometry,dominant_count,n_materials,d_min_mean,d_mean_mean,d_std_mean,bridging_O_fraction_mean,dominant_fraction
1.0,Tetrahedron,25,6,1.5508597667834363,1.5508597667834363,0.0,1.0,0.9615384615384616
2.0,Tetrahedron,126,23,1.510062597828525,1.5168323945987925,0.00676979677026757,0.967741935483871,0.9473684210526315
3.0,Tetrahedron,285,59,1.5171223797288043,1.5401870316342894,0.02003053472198256,0.9712230215827338,0.7142857142857143
4.0,Tetrahedron,23249,3512,1.5164237058465657,1.553028376893328,0.030800302562599222,0.9727292576419214,0.9366287970348884
6.0,"Tetrahedron, Octahedron",5,1,1.5462120173677594,1.9917306014338443,0.5709732095342132,1.0,1.0
