CN,dominant_geometry,dominant_count,n_materials,d_min_mean,d_mean_mean,d_std_mean,bridging_O_fraction_mean,dominant_fraction
1.0,Tetrahedron,34,6,1.8022854362826704,1.8022854362826704,0.0,1.0,0.8095238095238095
2.0,Tetrahedron,15,5,1.8040600116322727,1.8108964619236554,0.0068364502913827565,1.0,0.5555555555555556
3.0,"Octahedron, Tetrahedron",20,5,1.8272971971750047,1.8305642719436443,0.003505772540135887,1.0,0.5405405405405406
4.0,Tetrahedron,2105,342,1.7511082057468352,1.7678874809648397,0.01255086892081141,0.9866329479768786,0.7615774240231549
5.0,Trigonal bipyramid,91,25,1.7937162408018736,1.85933773592545,0.06190271975659805,0.9736263736263736,0.40444444444444444
6.0,Octahedron,1996,399,1.8582922723839792,1.9294575798039395,0.05545261160881374,0.9978235392600033,0.5426862425231104
