CN,dominant_geometry,dominant_count,n_materials,d_min_mean,d_mean_mean,d_std_mean,bridging_O_fraction_mean,dominant_fraction
4.0,Tetrahedron,20,6,1.7642606574272393,1.7805826360148707,0.010632742746651014,0.425,0.8333333333333334
5.0,Trigonal bipyramid,18,3,1.7841493655496876,1.8911453613220794,0.12090618228857762,0.8,0.6666666666666666
6.0,Octahedron,1521,237,1.958578721704148,2.0064811162322105,0.04023452817055321,0.9540872233179926,0.94472049689441
