CN,dominant_geometry,dominant_count,n_materials,d_min_mean,d_mean_mean,d_std_mean,bridging_O_fraction_mean,dominant_fraction
1.0,Octahedron,8,1,1.9158814313916546,1.9158814313916546,0.0,1.0,0.6666666666666666
2.0,no_data,12,1,1.955069631425019,1.957629850811341,0.0025602193863218524,1.0,0.35294117647058826
3.0,Triangular non-coplanar,118,22,1.9603034157247166,1.9952785626665188,0.033597450080607515,0.7839506172839507,0.4083044982698962
4.0,"See-saw, Triangular non-coplanar",105,13,1.9764371125633926,2.171565187800447,0.2615288015653618,1.0,0.36713286713286714
5.0,"Square pyramid, See-saw",37,5,2.0029916170898154,2.2686023038975276,0.2806820741740211,1.0,0.32456140350877194
6.0,Octahedron,1602,433,1.9823879384928562,2.0284336330212422,0.03854187861478448,0.9981226533166458,0.9066213921901528
7.0,"Pentagonal bipyramid, Octahedron",6,1,1.9732022320046483,2.079909279585235,0.14366086546165122,1.0,0.375
8.0,"Pentagonal bipyramid, Dodecahedron with triangular faces - p2345 plane normalized",4,1,2.072613072785771,2.4517370336578304,0.293527727758519,1.0,1.0
