CN,dominant_geometry,dominant_count,n_materials,d_min_mean,d_mean_mean,d_std_mean,bridging_O_fraction_mean,dominant_fraction
1.0,"See-saw, Square pyramid",14,2,2.0705750082589383,2.0705750082589383,0.0,1.0,1.0
2.0,"See-saw, Triangular non-coplanar, Square non-coplanar, Pentagonal plane, Square pyramid",10,1,2.143815364371205,2.164616988582225,0.02080162421101981,1.0,0.625
3.0,Triangular non-coplanar,68,15,2.0630496659011213,2.095411731824007,0.023993578718104674,0.691542288557214,0.6868686868686869
4.0,Tetrahedron,26,8,1.9697178581935506,1.982207161501062,0.011367602001409413,0.5384615384615384,0.19117647058823528
5.0,"Octahedron, Square pyramid",12,2,2.238324068082928,2.4612485515484686,0.209258870847899,1.0,0.2222222222222222
6.0,Octahedron,2340,472,2.04012794673372,2.0931856015614114,0.04133897508274014,0.9958654120330768,0.97581317764804
7.0,"Square-face capped trigonal prism, Octahedron",4,1,2.0627759936980894,2.2211001072227887,0.1983755821048663,1.0,0.4
