CN,dominant_geometry,dominant_count,n_materials,d_min_mean,d_mean_mean,d_std_mean,bridging_O_fraction_mean,dominant_fraction
3.0,"Trigonal bipyramid, Triangular non-coplanar",4,1,1.907889383596798,1.9472273915553915,0.028896347629952582,1.0,0.6666666666666666
4.0,Tetrahedron,1771,367,1.7469652756708265,1.776023238685411,0.023169396369292505,0.9325326215895611,0.937037037037037
5.0,"Trigonal bipyramid, Tetrahedron",80,22,1.7694005202315173,1.943111128496959,0.3034977884158212,1.0,0.5673758865248227
6.0,Octahedron,548,93,1.8593640161881726,1.9139003302574362,0.04437675325918735,1.0,0.5184484389782403
