CN,dominant_geometry,dominant_count,n_materials,d_min_mean,d_mean_mean,d_std_mean,bridging_O_fraction_mean,dominant_fraction
1.0,Octahedron,205,32,1.993467257363542,1.993467257363542,0.0,1.0,0.8723404255319149
2.0,Octahedron,86,30,1.9741701897906254,1.9771647822499194,0.0029945924592939357,1.0,0.9148936170212766
3.0,Trigonal plane,8,1,1.977428836442645,1.9885556120907473,0.007867818513514445,1.0,0.36363636363636365
4.0,Tetrahedron,298,66,1.9080890042035006,1.9303507822444212,0.01808696413061802,0.7619453924914675,0.2838095238095238
5.0,Trigonal bipyramid,693,210,2.0356392719678196,2.1213361622976654,0.07939923814756565,0.996116504854369,0.4019721577726218
6.0,Octahedron,14911,1996,1.9638347605252067,2.0414799973680195,0.07364674127131854,0.99921330636098,0.8437641466727026
7.0,Square-face capped trigonal prism,17,6,2.1810361325495258,2.307586433549717,0.10989425980487588,1.0,0.3953488372093023
8.0,"Cube, Octahedron",37,14,2.197457791833153,2.4341746089231338,0.16186027564505964,1.0,0.4065934065934066
