CN,dominant_geometry,dominant_count,n_materials,d_min_mean,d_mean_mean,d_std_mean,bridging_O_fraction_mean,dominant_fraction
1.0,Octahedron,32,4,1.9334614700177473,1.9334614700177473,0.0,1.0,0.5714285714285714
2.0,Octahedron,45,7,1.9356646464769218,1.9394017283093683,0.0037370818324466673,1.0,0.5357142857142857
3.0,Octahedron,40,15,1.910289968963956,1.9925255881523127,0.07635965330681223,1.0,0.8888888888888888
4.0,Tetrahedron,166,34,1.7911512222398607,1.8335467299452035,0.030934771214806638,0.7545454545454545,0.5060975609756098
5.0,"Trigonal prism, Octahedron",204,9,1.8636419039703855,2.0111108281856334,0.10958553376069871,1.0,0.39080459770114945
6.0,Octahedron,8984,1483,1.8947194895904436,1.9931351551231562,0.07484730660623606,0.9910747420767462,0.9515941107933482
7.0,"Square-face capped trigonal prism, Octahedron",12,3,2.0079055528973035,2.1310749606371986,0.13682969683875565,1.0,0.6
