CN,dominant_geometry,dominant_count,n_materials,d_min_mean,d_mean_mean,d_std_mean,bridging_O_fraction_mean,dominant_fraction
1.0,Octahedron,361,91,1.7818087119885446,1.7818087119885446,0.0,1.0,0.8395348837209302
2.0,Octahedron,167,57,1.755157690293519,1.8509868727710053,0.09582918247748612,1.0,0.571917808219178
3.0,Octahedron,181,64,1.756188155605107,1.888116289928994,0.12647173234754597,1.0,0.9476439790575916
4.0,Tetrahedron,2762,518,1.7037804961042877,1.747855377759199,0.03814677822826688,0.8584504437869822,0.7862226017648734
5.0,Square pyramid,530,166,1.648087931397204,1.8875524910331574,0.13125813745154533,0.8887417218543047,0.42502004811547717
6.0,Octahedron,6174,1344,1.930208335208488,2.0160322926249643,0.057451060608547315,0.9964308890330954,0.7877009441183975
7.0,"Square-face capped trigonal prism, Face-capped octahedron, Octahedron",10,1,2.0153923714712283,2.147985495033135,0.1354888008632983,1.0,0.5555555555555556
