CN,dominant_geometry,dominant_count,n_materials,d_min_mean,d_mean_mean,d_std_mean,bridging_O_fraction_mean,dominant_fraction
1.0,Octahedron,24,1,1.884263350524536,1.884263350524536,0.0,1.0,0.6
2.0,Square pyramid,25,3,2.173230178553022,2.197003900832116,0.023773722279094255,1.0,0.7352941176470589
3.0,Triangular non-coplanar,282,107,1.8795019833354687,1.8953154872916518,0.01429925287542938,0.8260162601626017,0.5241635687732342
4.0,"See-saw, Triangular non-coplanar",313,72,1.876684878875964,2.0719553903419783,0.2597622852184047,0.8842105263157894,0.39872611464968155
5.0,"See-saw, Square pyramid",107,20,1.883858349957215,2.2081904431870107,0.3620419223170354,0.9918367346938776,0.2399103139013453
6.0,Octahedron,647,197,1.9272320388968829,1.9700895498667168,0.035977229697831486,0.9901656314699793,0.6912393162393162
7.0,See-saw,8,1,1.915615037158818,2.4030102294418985,0.42946487550496226,1.0,1.0
