CN,dominant_geometry,dominant_count,n_materials,d_min_mean,d_mean_mean,d_std_mean,bridging_O_fraction_mean,dominant_fraction
2.0,Octahedron,12,2,2.053855823386848,2.063571267604139,0.009715444217290706,1.0,1.0
3.0,Octahedron,2,1,2.171796984104036,2.2153186213919875,0.0395583159586337,1.0,1.0
4.0,Octahedron,20,5,2.109862579120458,2.141043644890182,0.02862196591849563,1.0,0.5263157894736842
5.0,Trigonal bipyramid,14,3,2.0487601482093125,2.0634944002937177,0.010223837820976817,0.9142857142857144,0.6086956521739131
6.0,Octahedron,2034,367,2.0252734005261237,2.1109028777758994,0.06124712405204508,0.9996717544723452,0.9690328727965698
7.0,Square-face capped trigonal prism,51,7,2.0683035418092612,2.218480267957653,0.1752159006515251,1.0,0.28651685393258425
8.0,Square antiprism,15,2,2.106035978503345,2.254345480615636,0.12313925613954482,1.0,0.36585365853658536
