CN,n_samples,n_materials,avg_formal_charge,s_avg_approx,savg_class,charge_fraction_breakdown
4.0,36,35,2.2222222222222223,0.5555555555555556,s_avg ≤ 1,1+:0.3889; 3+:0.6111
5.0,24,23,1.5833333333333337,0.3166666666666667,s_avg ≤ 1,1+:0.7083; 3+:0.2917
6.0,87,86,2.1494252873563218,0.3582375478927203,s_avg ≤ 1,1+:0.4253; 3+:0.5747
7.0,28,28,1.5,0.2142857142857142,s_avg ≤ 1,1+:0.7500; 3+:0.2500
8.0,31,31,1.5161290322580645,0.189516129032258,s_avg ≤ 1,1+:0.7419; 3+:0.2581
9.0,24,23,1.0,0.1111111111111111,s_avg ≤ 1,1+:1.0000
