CN,dominant_geometry,dominant_count,n_materials,d_min_mean,d_mean_mean,d_std_mean,bridging_O_fraction_mean,dominant_fraction
1.0,Octahedron,8,1,1.9371914648344486,1.9371914648344486,0.0,1.0,1.0
2.0,Octahedron,8,1,1.9398168620548457,1.9427626760648153,0.002945814009969655,1.0,1.0
3.0,Octahedron,4,1,1.7339082929585703,1.8699288096742595,0.09618106149229559,0.6666666666666666,0.5
4.0,Tetrahedron,195,71,1.7994022441996156,1.8139107238475274,0.011456723014817477,0.8074712643678161,0.851528384279476
5.0,Trigonal bipyramid,30,13,1.8273821061964335,1.8965698015591732,0.07779126014941502,0.4782608695652174,0.3157894736842105
6.0,Octahedron,3735,621,1.8767219330501992,1.9698214386668849,0.07237425790137277,0.951571148009284,0.8712386284114766
7.0,"Octahedron, Pentagonal bipyramid",24,6,1.9188254122839743,2.036763037336627,0.08414230339124364,0.8571428571428572,0.8
