CN,dominant_geometry,dominant_count,n_materials,d_min_mean,d_mean_mean,d_std_mean,bridging_O_fraction_mean,dominant_fraction
2.0,Angular,12,1,1.4490739330624667,1.450548377265963,0.001474444203496313,0.8333333333333334,1.0
3.0,Tetrahedron,77,13,1.4406721336243116,1.4621463121738147,0.023178066962988825,1.0,0.5661764705882353
4.0,Tetrahedron,12005,1384,1.4633650115495458,1.4871415806051527,0.021727792408781827,0.9511857873124948,0.7724728138472428
