CN,dominant_geometry,dominant_count,n_materials,d_min_mean,d_mean_mean,d_std_mean,bridging_O_fraction_mean,dominant_fraction
2.0,"Tetrahedron, Square pyramid",24,3,1.9769565352289502,2.003454523436611,0.026497988207661013,1.0,0.75
3.0,Trigonal plane,16,4,1.8985455594718808,1.910958610196396,0.009370369211762434,0.5416666666666666,0.4444444444444444
4.0,Tetrahedron,700,187,1.9556411168948165,1.9788195428947313,0.01970001894051496,0.9968404423380727,0.6972111553784861
5.0,Trigonal bipyramid,154,47,1.9676722291887057,2.070479285621784,0.09701833099404476,1.0,0.3283582089552239
6.0,Octahedron,1931,395,2.016098136625857,2.1191213942968146,0.08213219869313067,1.0,0.8035788597586351
7.0,"See-saw, Square-face capped trigonal prism, Square pyramid, Trigonal bipyramid",4,1,1.9811827441081833,2.342127458015464,0.2897595661487655,1.0,1.0
8.0,Linear,4,1,1.8971956280620401,2.4930335095681193,0.34400716128091086,1.0,0.3076923076923077
