CN,dominant_geometry,dominant_count,n_materials,d_min_mean,d_mean_mean,d_std_mean,bridging_O_fraction_mean,dominant_fraction
1.0,Trigonal plane,52,5,1.2720161574754156,1.2720161574754156,0.0,1.0,0.6842105263157895
2.0,Angular,44,44,1.2781267575720365,1.282432450403107,0.0043056928310705594,1.0,0.6197183098591549
3.0,Trigonal plane,1015,600,1.2773321364770385,1.2999334838980083,0.01777377294887104,0.8714208535926525,0.7563338301043219
