CN,dominant_geometry,dominant_count,n_materials,d_min_mean,d_mean_mean,d_std_mean,bridging_O_fraction_mean,dominant_fraction
1.0,Octahedron,52,14,1.8305157109530477,1.8305157109530477,0.0,1.0,1.0
3.0,Octahedron,8,2,1.9957838781759507,2.0078414267323526,0.011200547369010196,1.0,0.20512820512820512
4.0,Tetrahedron,796,166,1.644105478690827,1.679485740123513,0.03789483818153813,0.6269083969465649,0.7460168697282099
5.0,Square pyramid,50,17,1.8813398776871035,2.027050535444407,0.12430395606810848,0.9238095238095237,0.3875968992248062
6.0,Octahedron,2601,668,1.9756327881910971,2.0254933676779525,0.04215776813610694,0.9994851994851994,0.9187566231013776
7.0,"Square plane, Square-face capped trigonal prism",8,1,2.064972420758767,2.3626039057413157,0.2601902662818416,1.0,0.8
