CN,dominant_geometry,dominant_count,n_materials,d_min_mean,d_mean_mean,d_std_mean,bridging_O_fraction_mean,dominant_fraction
1.0,Octahedron,4,1,1.8094461941244941,1.8094461941244941,0.0,1.0,1.0
3.0,Triangular non-coplanar,153,33,1.7622087607188675,1.8109024276379238,0.03793934492596191,0.961451247165533,0.9444444444444444
4.0,Tetrahedron,1657,389,1.7000057441511218,1.7236744521566887,0.02237425372090448,0.9177798982188295,0.9463163906339235
5.0,"Trigonal bipyramid, Tetrahedron",16,4,1.704361671977348,1.8934576329982928,0.3347857473555919,1.0,0.6666666666666666
6.0,"Octahedron, Tetrahedron",101,25,1.7789875789196579,1.9248582017974705,0.16748447697553867,0.9933993399339933,0.7372262773722628
