CN,dominant_geometry,dominant_count,n_materials,d_min_mean,d_mean_mean,d_std_mean,bridging_O_fraction_mean,dominant_fraction
1.0,"Triangular non-coplanar, Angular",74,3,2.185232982267632,2.185232982267632,0.0,1.0,0.37755102040816324
2.0,"Single neighbor, Linear, Angular",40,1,2.167689086718166,2.309412233263626,0.1417231465454601,1.0,0.1724137931034483
3.0,Triangular non-coplanar,64,6,2.2303448174557623,2.4311947564815295,0.15545408130170668,1.0,0.37209302325581395
4.0,See-saw,33,5,2.2285117547645505,2.536710118009373,0.2980478238127756,1.0,0.2619047619047619
5.0,"See-saw, Square pyramid, Octahedron",12,1,2.128865798410681,2.6486932223032427,0.3343072589890763,1.0,0.21052631578947367
6.0,Octahedron,21,8,2.235565408008152,2.4310964436665627,0.14711211645389974,1.0,0.20388349514563106
7.0,"Face-capped octahedron, Square pyramid, Pentagonal bipyramid",16,1,2.1162533014941785,2.6356152150472747,0.33486656896823985,1.0,0.25806451612903225
8.0,Hexagonal bipyramid,8,2,2.2698683751917046,2.5629498098092958,0.1692106451709476,1.0,0.36363636363636365
