CN,dominant_geometry,dominant_count,n_materials,d_min_mean,d_mean_mean,d_std_mean,bridging_O_fraction_mean,dominant_fraction
1.0,Octahedron,39,9,1.871435488592307,1.871435488592307,0.0,1.0,0.7647058823529411
2.0,Octahedron,16,4,1.8888358569496413,1.9369384958562097,0.04810263890656848,1.0,0.8
3.0,Trigonal plane,62,13,1.8017728427938815,1.8486820959349148,0.047846788812509,0.8387096774193549,0.8493150684931506
4.0,Tetrahedron,620,101,1.8969802019491695,1.9276421290386552,0.02712383215229805,0.9471311475409836,0.5267629566694987
5.0,Square pyramid,75,37,1.9251557141275364,2.010589285312789,0.06259019710769385,0.9587301587301587,0.19430051813471502
6.0,Octahedron,4130,781,1.9550666838650026,2.012827309203677,0.049916462747519826,0.9979368932038835,0.7741330834114339
7.0,Square-face capped trigonal prism,4,1,2.112972355813031,2.2723126118116364,0.20411753811135527,1.0,0.6666666666666666
8.0,Cube,4,1,2.1589070813513462,2.2677052963600963,0.1084176758876858,1.0,0.4444444444444444
