CN,dominant_geometry,dominant_count,n_materials,d_min_mean,d_mean_mean,d_std_mean,bridging_O_fraction_mean,dominant_fraction
2.0,"Tetrahedron, Square pyramid",8,1,2.2117224849040253,2.242079191793215,0.030356706889189705,1.0,1.0
3.0,Octahedron,4,1,2.2882947596889958,2.3185138898640028,0.021368151868306675,1.0,0.8
4.0,Tetrahedron,55,14,2.18738231005282,2.233488683843875,0.04262441422981797,0.9230769230769231,0.41044776119402987
5.0,"Octahedron, Tricapped triangular prism (three square-face caps)",24,3,2.2577177210711925,2.3605962825135,0.09295584356025106,1.0,0.2857142857142857
6.0,Octahedron,294,85,2.261579228205916,2.3362456067970556,0.0655144833906599,1.0,0.4788273615635179
7.0,Square-face capped trigonal prism,29,4,2.24246884360524,2.4496997531116405,0.18309597438506423,1.0,0.21641791044776118
8.0,Cube,25,9,2.2570428307990955,2.5151246338760593,0.18021847403537525,1.0,0.22123893805309736
12.0,"Trigonal prism, Icosahedron",2,1,2.382082410798855,2.616793405359586,0.1830504416493966,1.0,1.0
