CN,dominant_geometry,dominant_count,n_materials,d_min_mean,d_mean_mean,d_std_mean,bridging_O_fraction_mean,dominant_fraction
2.0,Octahedron,6,2,1.7456597614274914,1.7612354860238737,0.015575724596382493,1.0,1.0
3.0,Octahedron,8,1,1.7314304802960312,1.9054219633329907,0.12303055752413829,0.6666666666666666,0.8888888888888888
4.0,Tetrahedron,2216,446,1.7682439283123823,1.7978583393085952,0.027461768043715345,0.8261396702230844,0.8663017982799062
5.0,Trigonal bipyramid,88,27,1.7803299070531664,1.9190832372984115,0.16614427663003473,0.8493506493506494,0.2953020134228188
6.0,Octahedron,3050,440,1.8414222188446954,2.022933727917305,0.13244116571901,0.9174321959755031,0.6936547646122356
7.0,"Octahedron, Pentagonal bipyramid",16,4,1.8342219661990842,2.028028920126853,0.11397979531272859,0.7142857142857143,0.8
