CN,dominant_geometry,dominant_count,n_materials,d_min_mean,d_mean_mean,d_std_mean,bridging_O_fraction_mean,dominant_fraction
1.0,"Trigonal prism, Octahedron",71,21,2.2699786877957644,2.2699786877957644,0.0,1.0,0.8658536585365854
2.0,"Trigonal prism, Octahedron",178,21,2.2212214615460497,2.2424065787496565,0.02118511720360655,1.0,0.9417989417989417
3.0,"Trigonal prism, Octahedron",79,21,2.1518222759618775,2.1937397007892,0.036826492153972816,1.0,0.8494623655913979
4.0,"Cube, Face-capped octahedron, Square-face capped trigonal prism, Octahedron",14,2,2.1601196910380702,2.21772107038933,0.04475777823311123,1.0,0.25925925925925924
5.0,"Cube, Face-capped octahedron, Square-face capped trigonal prism, Octahedron",14,2,2.1603119982711214,2.2269367359208885,0.052897788571230016,1.0,0.2978723404255319
6.0,Octahedron,2744,441,2.0353498341059084,2.111587984280541,0.05790606284630814,0.994533527696793,0.9017417022674992
7.0,Square-face capped trigonal prism,96,13,2.066746160329544,2.1781145631806256,0.07591618366082226,1.0,0.30670926517571884
8.0,Dodecahedron with triangular faces - p2345 plane normalized,60,8,2.17246265678946,2.233492336384061,0.05818528887979727,1.0,0.425531914893617
10.0,Square-face bicapped square antiprism,4,1,2.282233862344623,2.3281580495562535,0.04408717021502344,1.0,1.0
