CN,n_samples,n_materials,avg_formal_charge,s_avg_approx,savg_class,charge_fraction_breakdown
1.0,22,22,4.0,4.0,s_avg > 1,4+:1.0000
2.0,24,24,4.0,2.0,s_avg > 1,4+:1.0000
3.0,28,28,4.0,1.3333333333333333,s_avg > 1,4+:1.0000
6.0,500,497,3.998,0.6663333333333333,s_avg ≤ 1,3+:0.0020; 4+:0.9980
7.0,51,51,4.0,0.5714285714285714,s_avg ≤ 1,4+:1.0000
