CN,dominant_geometry,dominant_count,n_materials,d_min_mean,d_mean_mean,d_std_mean,bridging_O_fraction_mean,dominant_fraction
1.0,Tetrahedron,4,1,1.9226946193725545,1.9226946193725545,0.0,1.0,1.0
2.0,Tetrahedron,3,2,1.9329215216329336,1.9526458542881797,0.01972433265524609,1.0,1.0
3.0,Tetrahedron,10,2,1.9066115657462017,1.9926585826145433,0.11359632985360324,1.0,0.7692307692307693
4.0,Tetrahedron,1035,189,1.8399997723317165,1.866810025667467,0.023292394274781865,0.9731075697211156,0.7263157894736842
5.0,Trigonal bipyramid,122,36,1.8860791187705535,1.950689811776895,0.05540023528655683,0.9384615384615385,0.8133333333333334
6.0,Octahedron,1353,249,1.9254822595699705,2.003674041179089,0.05927371472690463,0.9995061728395062,0.7558659217877095
