level,name,c1,c2,R2,MAE,RMSE,n
global,all,-1.7835050884104988,0.3924379199186556,0.9642353038809318,0.23458896817592906,0.29191166068451335,11
group,Group13,-1.7835050884104988,0.3924379199186556,0.9642353038809318,0.23458896817592906,0.29191166068451335,11
element,Al,-1.670488826515216,0.36515265793864016,0.9996764064241515,0.023410791748733284,0.0260375082263876,4
element,Ga,-1.7628633502061337,0.3587044564752446,0.9999614990520965,0.008182084412597638,0.009005820689925595,3
element,In,-2.0455992377626715,0.22334356614091933,0.9996163794365197,0.028307408897735642,0.03249202335186324,4
