CN,dominant_geometry,dominant_count,n_materials,d_min_mean,d_mean_mean,d_std_mean,bridging_O_fraction_mean,dominant_fraction
1.0,Octahedron,48,21,1.9907695249529578,1.9907695249529578,0.0,1.0,0.75
2.0,Octahedron,35,19,1.9630844153224083,1.9667263181492716,0.0036419028268633055,1.0,0.9210526315789473
3.0,Trigonal plane,54,12,1.8936618892284243,1.9046629392639858,0.01434277309960078,0.654320987654321,0.6206896551724138
4.0,"Octahedron, Tetrahedron",716,110,1.8963807486614297,1.9219517227346783,0.02059657834271258,0.9922644163150492,0.43158529234478604
5.0,Trigonal bipyramid,645,208,1.9745687658960296,2.0801154092319134,0.08682758399117774,0.995897435897436,0.5269607843137255
6.0,Octahedron,5624,1438,2.006552048875176,2.0848106031146454,0.06295313085648115,0.998327659320313,0.795024031665253
7.0,Pentagonal bipyramid,4,1,1.961851326343084,2.0781744240791866,0.07650522125697115,1.0,0.5
8.0,"Octahedron, Cube",8,2,2.2619586066773647,2.38491860384282,0.12295659181684747,1.0,1.0
