CN,dominant_geometry,dominant_count,n_materials,d_min_mean,d_mean_mean,d_std_mean,bridging_O_fraction_mean,dominant_fraction
1.0,"Octahedron, Trigonal bipyramid",6,1,2.2585686561314695,2.2585686561314695,0.0,1.0,1.0
3.0,"Octahedron, Trigonal bipyramid",6,1,2.262723868673624,2.270715197441491,0.007639998594457291,1.0,0.6
4.0,Tetrahedron,66,11,2.075423700385837,2.101583745808567,0.023684073655733936,0.6212121212121212,0.5546218487394958
5.0,Trigonal bipyramid,32,7,2.089240379799107,2.1179196159500404,0.016554629246570692,1.0,0.36363636363636365
6.0,Octahedron,1958,369,2.1013789608733062,2.16799637194841,0.05027291244424063,0.999828972122456,0.9323809523809524
7.0,Square-face capped trigonal prism,26,4,2.1214917714389285,2.2898760742140634,0.1758569845967713,1.0,0.43333333333333335
8.0,Cube,20,5,2.1513712394424425,2.360030864959791,0.12573804768005423,1.0,0.625
