CN,count,n_materials,d_min_mean,d_mean_mean,d_std_mean,bridging_O_fraction_mean
4.0,4,2,1.9380813221939377,1.940655826722486,0.0025745045285480617,1.0
6.0,539,125,1.9872606454483914,2.018743530846752,0.02692409422435706,0.9845392702535559
