CN,dominant_geometry,dominant_count,n_materials,d_min_mean,d_mean_mean,d_std_mean,bridging_O_fraction_mean,dominant_fraction
1.0,Octahedron,20,2,1.838298257032306,1.838298257032306,0.0,0.4,0.3333333333333333
2.0,Octahedron,8,4,2.0359062948173707,2.130328336136148,0.0944220413187771,1.0,0.5
3.0,Octahedron,13,4,1.941989410257933,2.0196096873462546,0.05697632905194488,1.0,0.3611111111111111
4.0,"Square pyramid, Square plane",122,9,2.0885352439898304,2.105834395893605,0.013596059730229931,1.0,0.3885350318471338
5.0,"Octahedron, Square pyramid",332,20,2.0557124812937198,2.1274962362115275,0.05718372835743281,1.0,0.5865724381625441
6.0,Octahedron,6368,1041,1.9148377877034852,2.0231589605638787,0.08411529100039525,0.9630387987609597,0.8734055685091209
7.0,"Pentagonal bipyramid, Octahedron",86,9,1.9354095849804107,2.102877001366857,0.18371558860706683,0.9335548172757476,0.5771812080536913
8.0,Dodecahedron with triangular faces - p2345 plane normalized,6,3,2.0675654124169,2.1088060676462344,0.03287387764577626,0.6666666666666666,0.6
9.0,no_data,2,1,2.0849391949110743,2.2279378323729393,0.15223359430242506,1.0,1.0
