CN,dominant_geometry,dominant_count,n_materials,d_min_mean,d_mean_mean,d_std_mean,bridging_O_fraction_mean,dominant_fraction
1.0,"Pentagonal bipyramid, Single neighbor",16,1,2.0855635939166657,2.0855635939166657,0.0,1.0,0.6666666666666666
2.0,Octahedron,24,7,1.9917536677646543,2.009636413584914,0.017882745820259435,1.0,1.0
3.0,Octahedron,11,5,1.9825088098665857,2.0344802890635636,0.04847675559592121,0.9393939393939394,1.0
4.0,Octahedron,39,12,1.9854338784596377,2.053044367247672,0.06077151449747083,0.7948717948717948,0.5492957746478874
5.0,Octahedron,28,9,1.972113619109008,2.0467665460424165,0.06411815919956403,0.8714285714285713,0.2857142857142857
6.0,Octahedron,4818,805,1.925545299749626,2.000907242513685,0.06056269195185798,0.9701326665277489,0.866546762589928
7.0,"Pentagonal bipyramid, Octahedron",316,44,1.9353101527187242,2.0716663569453826,0.14591371176752232,0.9864376130198915,0.9294117647058824
8.0,"Pentagonal bipyramid, Dodecahedron with triangular faces - p2345 plane normalized",4,2,2.0867343327457415,2.0937882171032127,0.0070504053479405575,1.0,0.4444444444444444
